ticker,company_name,company_description,sic_code,sic_description,marketcap,exchange,total_marketcap,weight,currentRatio,quickRatio,bookValuePerShare,priceBookRatio,priceEarningsToGrowthRatio,freeCashFlow,absoluteLiquidRatio,weighted_absoluteLiquidRatio,weighted_avg_absoluteLiquidRatio,cashRatio,weighted_cashRatio,weighted_avg_cashRatio,inventoryTurnoverRatio,weighted_inventoryTurnoverRatio,weighted_avg_inventoryTurnoverRatio,receivablesTurnoverRatio,weighted_receivablesTurnoverRatio,weighted_avg_receivablesTurnoverRatio,capitalTurnoverRatio,weighted_capitalTurnoverRatio,weighted_avg_capitalTurnoverRatio,assetTurnoverRatio,weighted_assetTurnoverRatio,weighted_avg_assetTurnoverRatio,netWorkingCapitalTurnoverRatio,weighted_netWorkingCapitalTurnoverRatio,weighted_avg_netWorkingCapitalTurnoverRatio,cashConversionCycle,weighted_cashConversionCycle,weighted_avg_cashConversionCycle,grossProfitMargin,weighted_grossProfitMargin,weighted_avg_grossProfitMargin,netProfitMargin,weighted_netProfitMargin,weighted_avg_netProfitMargin,operatingProfitMargin,weighted_operatingProfitMargin,weighted_avg_operatingProfitMargin,pretaxProfitMargin,weighted_pretaxProfitMargin,weighted_avg_pretaxProfitMargin,returnOnAssets,weighted_returnOnAssets,weighted_avg_returnOnAssets,returnOnEquity,weighted_returnOnEquity,weighted_avg_returnOnEquity,returnOnCapitalEmployed,weighted_returnOnCapitalEmployed,weighted_avg_returnOnCapitalEmployed,earningsPerShare,weighted_earningsPerShare,weighted_avg_earningsPerShare,operatingLeverage,weighted_operatingLeverage,weighted_avg_operatingLeverage,financialLeverage,weighted_financialLeverage,weighted_avg_financialLeverage,totalLeverage,weighted_totalLeverage,weighted_avg_totalLeverage,debtToEquityRatio,weighted_debtToEquityRatio,weighted_avg_debtToEquityRatio,dividendYield,weighted_dividendYield,weighted_avg_dividendYield,fixedAssetRatio,weighted_fixedAssetRatio,weighted_avg_fixedAssetRatio,ratioToCurrentAssetsToFixedAssets,weighted_ratioToCurrentAssetsToFixedAssets,weighted_avg_ratioToCurrentAssetsToFixedAssets,proprietaryRatio,weighted_proprietaryRatio,weighted_avg_proprietaryRatio,interestCoverageRatio,weighted_interestCoverageRatio,weighted_avg_interestCoverageRatio,priceEarningsRatio,weighted_priceEarningsRatio,weighted_avg_priceEarningsRatio,currentRatio_liquid,currentRatio_liquid_norm_cat,quickRatio_liquid,quickRatio_liquid_norm_cat,absoluteLiquidRatio_liquid,absoluteLiquidRatio_liquid_norm_cat,cashRatio_liquid,cashRatio_liquid_norm_cat,liquidity_avg_score,inventoryTurnoverRatio_good_management,inventoryTurnoverRatio_good_management_norm_cat,receivablesTurnoverRatio_good_management,receivablesTurnoverRatio_good_management_norm_cat,capitalTurnoverRatio_good_management,capitalTurnoverRatio_good_management_norm_cat,assetTurnoverRatio_good_management,assetTurnoverRatio_good_management_norm_cat,netWorkingCapitalTurnoverRatio_good_management,netWorkingCapitalTurnoverRatio_good_management_norm_cat,cashConversionCycle_efficient,cashConversionCycle_efficient_norm_cat,turnover_avg_score,grossProfitMargin_profitable,grossProfitMargin_profitable_norm_cat,netProfitMargin_profitable,netProfitMargin_profitable_norm_cat,operatingProfitMargin_profitable,operatingProfitMargin_profitable_norm_cat,pretaxProfitMargin_profitable,pretaxProfitMargin_profitable_norm_cat,returnOnAssets_profitable,returnOnAssets_profitable_norm_cat,returnOnEquity_profitable,returnOnEquity_profitable_norm_cat,returnOnCapitalEmployed_profitable,returnOnCapitalEmployed_profitable_norm_cat,earningsPerShare_profitable,earningsPerShare_profitable_norm_cat,profitability_avg_score,operatingLeverage_low_risk,operatingLeverage_low_risk_norm_cat,financialLeverage_low_risk,financialLeverage_low_risk_norm_cat,totalLeverage_low_risk,totalLeverage_low_risk_norm_cat,leverage_avg_score,debtToEquityRatio_low_risk,debtToEquityRatio_low_risk_norm_cat,dividendYield_high_yield,dividendYield_high_yield_norm_cat,debt_and_dividend_avg_score,fixedAssetRatio_liquid,fixedAssetRatio_liquid_norm_cat,ratioToCurrentAssetsToFixedAssets_liquid,ratioToCurrentAssetsToFixedAssets_liquid_norm_cat,proprietaryRatio_liquid,proprietaryRatio_liquid_norm_cat,interestCoverageRatio_low_risk,interestCoverageRatio_low_risk_norm_cat,asset_and_interest_avg_score,priceEarningsRatio_undervalued,priceEarningsRatio_undervalued_norm_cat,bookValuePerShare_undervalued,bookValuePerShare_undervalued_norm_cat,freeCashFlow_positive,freeCashFlow_positive_norm_cat,priceBookRatio_undervalued,priceBookRatio_undervalued_norm_cat,priceEarningsToGrowthRatio_undervalued,priceEarningsToGrowthRatio_undervalued_norm_cat,valuation_and_investment_avg_score,revenue_growth_eval,PER_history_undervalued,PBR_history_undervalued,FCF_history_undervalued,benjamin_graham_value_score,peter_lynch_growth_score,kenn_fisher_growth_score
AAPL,Apple Inc.,"Apple designs a wide variety of consumer electronic devices, including smartphones (iPhone), tablets (iPad), PCs (Mac), smartwatches (Apple Watch), and AirPods, among others. In addition, Apple offers its customers a variety of services such as Apple Music, iCloud, Apple Care, Apple TV+, Apple Arcade, Apple Fitness, Apple Card, and Apple Pay, among others. Apple's products include internally developed software and semiconductors, and the firm is well known for its integration of hardware, software, semiconductors, and services. Apple's products are distributed online as well as through company-owned stores and third-party retailers.",3571,ELECTRONIC COMPUTERS,2732707411280.0,XNAS,2848826035401.9497,0.9592398332930968,0.9815625425125836,0.8135848211070477,3.85526612984094,50.517075149815845,-2.2531394813551207,24287000000.0,0.8135848211070477,0.7804229681685184,0.803682378152671,0.2273312900618583,0.2180652287812416,0.2261703572173002,6.173853897428922,5.922206583345655,6.102883680451984,2.0874036645740826,2.0023207432214423,2.063970875080932,0.4824244783372848,0.4627607761767663,0.5006135664569892,0.2441424554826616,0.2341911682969557,0.2464314545685929,-35.502170138888886,-34.05509576557093,-34.11764302710677,-34.91438058982961,-33.49126461651989,-33.85209990491421,0.4451630255388339,0.4270181064061217,0.4364799492307863,0.2430529237013582,0.2331460460126906,0.2342578301928241,0.2811594557257601,0.2696993494391559,0.2719789902221521,0.2779197281073878,0.2665916736585935,0.2681813894349922,0.0593395376046896,0.0569208481596119,0.057344040713468,0.3298437137074028,0.316399228949465,0.3109011399671091,0.1094751874330596,0.1050129605430186,0.1066408835611512,1.27,1.218234588282233,1.2571331790916231,0.6644244298005788,0.6373423792777682,0.5966523681540341,0.870192761904762,0.8347235598623834,0.837190604998055,0.5781773296451623,0.5546107253026734,0.5541579571911376,1.8130537213392173,1.7391533494088598,1.3919192260747624,0.0012640949594764,0.0012125702381947,0.0014601666333759,0.7225337624846534,0.6930831658744129,0.6135779158989785,2.8165097588978187,2.701708351593524,2.9771031703115107,0.1799019812677965,0.1725691465204189,0.1741977557364784,23.044088176352705,22.104807300676,22.3874393190828,38.28864478119813,36.7279932369351,37.73667871956349,0.0,-1.0,0.0,-2.0,1.0,1.0,1.0,1.0,-0.25,1.0,1.0,1.0,1.0,0.0,-1.0,0.0,-1.0,0.0,-1.0,1.0,1.0,0.0,1.0,1.0,1.0,1.0,1.0,1.0,1.0,1.0,1.0,1.0,1.0,1.0,1.0,1.0,1.0,1.0,1.0,0.0,-1.0,0.0,-1.0,0.0,-1.0,-1.0,0.0,-1.0,0.0,-1.0,-1.0,0.0,-1.0,0.0,-1.0,1.0,1.0,1.0,1.0,0.0,0.0,-1.0,0.0,-9.0,1.0,10.0,0.0,-10.0,1.0,10.0,0.0,,0.0,0.0,0.0,0.0,3.0,1.0
DELL,Dell Technologies Inc.,"Dell Technologies is a broad information technology vendor, primarily supplying hardware to enterprises. It is focused on premium personal computers and enterprise on-premises data center hardware. It holds top-three shares in its core markets of personal computers, peripheral displays, mainstream servers, and external storage. Dell is vertically-integrated but has a robust ecosystem of component and assembly partners, and also relies heavily on channel partners to fulfill its sales.",3571,ELECTRONIC COMPUTERS,50676036342.15,XNAS,2848826035401.9497,0.017788392731745,0.7655569078559931,0.4696713909936791,-3.7791410630768527,-13.943809523809524,-0.9965722689075628,2590000000.0,0.4696713909936791,0.0083546991578605,0.803682378152671,0.1641867221546072,0.002920617895024,0.2261703572173002,4.895926339285714,0.0870906605089089,6.102883680451984,1.4737180311014009,0.0262150751130857,2.063970875080932,0.9412295822047116,0.0167429614589936,0.5006135664569892,0.2677391487076513,0.0047626491268747,0.2464314545685929,-1.9202880348321192,-0.0341588377216645,-34.11764302710677,-22.969979804678005,-0.4085990218058636,-33.85209990491421,0.2348914275747798,0.0041783409630204,0.4364799492307863,0.0201447632336269,0.0003583429598877,0.2342578301928241,0.050797941920293,0.0009036137408425,0.2719789902221521,0.0311328159065143,0.0005538027561901,0.2681813894349922,0.0053935417590884,9.594243902573246e-05,0.057344040713468,-0.1666666666666666,-0.0029647321219575,0.3109011399671091,0.0335580135960364,0.0005969431251435,0.1066408835611512,0.64,0.0113845713483168,1.2571331790916231,-1.0473559981779768,-0.0186307798255386,0.5966523681540341,-0.0653729699972475,-0.0011628800643516,0.837190604998055,0.0684687722453261,0.0012179494105602,0.5541579571911376,-9.79004329004329,-0.1741491349040749,1.3919192260747624,0.0069594931626213,0.0001237981975906,0.0014601666333759,-2.255411255411256,-0.0401201411828534,0.6135779158989785,6.237843889955214,0.1109612169138393,2.9771031703115107,-0.0323612505545308,-0.0005756546341543,0.1741977557364784,0.0,0.0,22.3874393190828,20.915714285714287,0.3720569399792551,37.73667871956349,0.0,-1.0,0.0,-5.0,0.0,-3.0,0.0,-1.0,-2.5,0.0,-3.0,0.0,-7.0,1.0,10.0,1.0,1.0,1.0,10.0,0.0,-1.0,1.6666666666666667,0.0,-8.0,0.0,-6.0,0.0,-5.0,0.0,-7.0,0.0,-6.0,0.0,-10.0,0.0,-4.0,0.0,-3.0,-6.125,1.0,10.0,1.0,10.0,1.0,4.0,8.0,1.0,10.0,1.0,10.0,10.0,1.0,10.0,1.0,3.0,0.0,-4.0,0.0,-2.0,1.75,1.0,1.0,0.0,-4.0,1.0,2.0,1.0,4.0,1.0,7.0,2.0,,0.0,0.0,0.0,2.0,3.0,2.0
AMZN,Amazon.Com Inc,"Amazon is a leading online retailer and one of the highest-grossing e-commerce aggregators, with $386 billion in net sales and approximately $578 billion in estimated physical/digital online gross merchandise volume in 2021. Retail-related revenue represents approximately 80% of the total, followed by Amazon Web Services' cloud computing, storage, database, and other offerings (10%-15%), advertising services (5%), and other. International segments constitute 25%-30% of Amazon's non-AWS sales, led by Germany, the United Kingdom, and Japan.",5961,RETAIL-CATALOG & MAIL-ORDER HOUSES,1332227982779.52,XNAS,1418122742843.223,0.9394306589488224,0.9476787328485272,0.7008661746650656,16.340885913594285,7.952174944543955,0.4398236042328042,5021000000.0,0.7008661746650656,0.658415172300543,0.7153263864439013,0.3341181073678814,0.3138807937713422,0.3411948378858472,3.077841856397081,2.891419003295377,3.2800343526711555,3.365886036318096,3.162016537044949,4.494896328658281,0.43699514821993,0.4105266400496871,0.4844320009423869,0.2813673166431815,0.264325083680766,0.2980927439853147,-17.326328004125838,-16.27688373407937,-16.25073739444081,0.4491450460912176,0.4219406266130718,0.2161622045107352,0.1620294233645624,0.1522154079604686,0.167613916397382,0.0502295677280608,0.0471871959094867,0.048528184235331,0.0571575273658126,0.0536955335971507,0.0557216238569054,0.0562794401077517,0.0528706315056959,0.0547474677996001,0.0141329586877914,0.0132769346929683,0.0139049212344907,0.0400351122762482,0.0376102119067659,0.0427763669262549,0.0233203489095816,0.0219078507430447,0.0231441056694666,0.66,0.6200242349062228,0.6669161318024653,4.0644278593817855,3.8182481421889833,3.840148663625393,-0.1017421602787457,-0.0955797046735388,-0.0076936277604666,-0.4135236707106212,-0.3884768144666147,-0.3435221858711178,0.7377848424099358,0.6930977006676191,0.8119206549507814,0.0,0.0,6.441685724654598e-05,1.566505735400529,1.4716235152544286,1.519948950404377,0.5318950764058217,0.4996785421195553,1.0576370631758556,0.353014088989483,0.3316322582376082,0.3395803688941208,9.14404761904762,8.590198680221315,9.00756073461766,49.65750370370371,46.649781426123965,49.21359394165785,0.0,-1.0,0.0,-1.0,0.0,-1.0,0.0,-1.0,-1.0,0.0,-1.0,0.0,-1.0,0.0,-1.0,0.0,-1.0,0.0,-1.0,0.0,-1.0,-1.0,0.0,-1.0,1.0,1.0,1.0,1.0,1.0,1.0,1.0,1.0,0.0,-1.0,1.0,1.0,0.0,-1.0,0.25,0.0,-1.0,1.0,1.0,1.0,1.0,0.3333333333333333,1.0,1.0,0.0,-1.0,0.0,0.0,-1.0,0.0,-1.0,1.0,1.0,1.0,1.0,0.0,0.0,-1.0,0.0,-6.0,1.0,10.0,0.0,-2.0,1.0,1.0,0.4,,0.0,0.0,0.0,1.0,3.0,0.0
CPNG,"Coupang, Inc.","Coupang Inc is an e-commerce company. The company sells apparel, electronics, footwear, food products, furniture, nutritional supplements, and other products. Its segments include Product Commerce and Developing Offerings. The company generates maximum revenue from the Product Commerce segment. Product Commerce primarily includes core retail (owned inventory) and marketplace offerings (third-party merchants) and Rocket Fresh, fresh grocery offering, as well as advertising products associated with these offerings.",5961,RETAIL-CATALOG & MAIL-ORDER HOUSES,30573367823.58,XNYS,1418122742843.223,0.0215590420348825,1.1902174606437346,0.8172579261852951,1.5559873725860731,11.156078468674032,0.8885774009587305,443349000.0,0.8172579261852951,0.0176192979839696,0.7153263864439013,0.7926527292444873,0.0170888335088462,0.3411948378858472,2.755957206365512,0.0594157972583714,3.2800343526711555,42.04305930647078,0.9064080828632616,4.494896328658281,1.0616258423337446,0.0228876361601907,0.4844320009423869,0.5462601196424108,0.0117768448813506,0.2980927439853147,5.438395354079992,0.1172465940409202,-16.25073739444081,-50.2569285729535,-1.083491235648392,0.2161622045107352,0.2610169532171646,0.0056272754662258,0.167613916397382,0.0248706338883798,0.0005361870414337,0.048528184235331,0.0252903061363448,0.0005452347730685,0.0557216238569054,0.0293287522253335,0.0006322998020566,0.0547474677996001,0.0135858354434489,0.0002928975974043,0.0139049212344907,0.0523124493555522,0.001127806294604,0.0427763669262549,0.0292725984710013,0.0006310891809065,0.0231441056694666,0.08,0.0017247233627906,0.6669161318024653,0.2976156744680257,0.006416308836096,3.840148663625393,1.3325216137408311,0.028727889483028,-0.0076936277604666,0.3965793188166995,0.0085498702045342,-0.3435221858711178,0.9812839378600507,0.0211555416644798,0.8119206549507814,0.0,0.0,6.441685724654598e-05,1.2778873685496224,0.0275500274944066,1.519948950404377,1.8937854885053824,0.040828200951738,1.0576370631758556,0.2597055884558201,0.0055990036982129,0.3395803688941208,11.522828377429173,0.2484211413497324,9.00756073461766,53.31464405752383,1.149412652310955,49.21359394165785,1.0,1.0,0.0,-1.0,1.0,1.0,1.0,3.0,1.0,0.0,-1.0,1.0,1.0,1.0,1.0,1.0,3.0,1.0,9.0,1.0,2.0,2.5,1.0,2.0,0.0,-1.0,0.0,-1.0,0.0,-1.0,0.0,-1.0,1.0,1.0,1.0,1.0,0.0,-1.0,-0.125,1.0,7.0,0.0,-3.0,0.0,-4.0,0.0,0.0,-1.0,0.0,-1.0,-1.0,1.0,1.0,1.0,1.0,0.0,-1.0,1.0,1.0,0.5,0.0,-1.0,0.0,-1.0,1.0,1.0,0.0,-3.0,1.0,1.0,-0.6,,1.0,0.0,0.0,2.0,3.0,0.0
CDW,CDW Corporation,"CDW Corp is a value-added reseller operating in the U.S. (95% of sales) and Canada (5%). The company has more than 100,000 products on its line of cards that range from notebooks to data center software. Roughly half of CDW's revenue comes from midsize and large businesses, with the remaining from small businesses, government agencies, education institutions, and health-care organizations.",5961,RETAIL-CATALOG & MAIL-ORDER HOUSES,27636645853.01,XNAS,1418122742843.223,0.0194881902800604,1.2983010825845958,1.044383967342365,12.034495106230604,15.310624845028515,1.5989516374714392,188600000.0,1.044383967342365,0.0203531534810123,0.7153263864439013,0.0408020330978728,0.0007951577848246,0.3411948378858472,5.627500633071664,0.1096698031384609,3.2800343526711555,1.1218096985165098,0.0218620408627069,4.494896328658281,0.7451788079470199,0.0145221864019401,0.4844320009423869,0.433246829253267,0.0084431966467205,0.2980927439853147,3.774132957670893,0.0735510212213375,-16.25073739444081,38.16973308673216,0.7438590213333536,0.2161622045107352,0.2100033771173637,0.0040925857727184,0.167613916397382,0.0466753168269316,0.0009096174557053,0.048528184235331,0.0732656724907129,0.0014278153664956,0.0557216238569054,0.062814382965109,0.0012241386475486,0.0547474677996001,0.0202219330196597,0.0003940888785177,0.0139049212344907,0.162782048103149,0.0031723275276121,0.0427763669262549,0.0515985279022607,0.0010055619299302,0.0231441056694666,1.95,0.0380019710461177,0.6669161318024653,0.893967467027536,0.0174218081016162,3.840148663625393,2.2003275109170435,0.042880401211203,-0.0076936277604666,1.9670212115655128,0.0383336836559036,-0.3435221858711178,3.680138854450781,0.0717192462525803,0.8119206549507814,0.0032146920333129,6.264853003699714e-05,6.441685724654598e-05,0.2055541780312422,0.0040058789343342,1.519948950404377,19.56574185765983,0.3813009002926172,1.0576370631758556,0.1242270462578643,0.0024209603154031,0.3395803688941208,7.082474226804123,0.1380246053855824,9.00756073461766,23.51399466869764,0.4582452023479054,49.21359394165785,1.0,1.0,1.0,1.0,1.0,1.0,0.0,-2.0,0.25,1.0,1.0,0.0,-1.0,1.0,1.0,1.0,2.0,1.0,8.0,0.0,-1.0,1.6666666666666667,1.0,1.0,0.0,-1.0,1.0,1.0,1.0,1.0,1.0,1.0,1.0,1.0,1.0,1.0,1.0,2.0,0.875,1.0,6.0,0.0,-4.0,0.0,-10.0,-2.6666666666666665,0.0,-3.0,1.0,10.0,3.5,1.0,4.0,1.0,6.0,0.0,-2.0,0.0,-1.0,1.75,1.0,2.0,0.0,-10.0,1.0,1.0,0.0,-4.0,0.0,-1.0,-2.4,,0.0,0.0,0.0,1.0,2.0,1.0
MSFT,Microsoft Corp,"Microsoft develops and licenses consumer and enterprise software. It is known for its Windows operating systems and Office productivity suite. The company is organized into three equally sized broad segments: productivity and business processes (legacy Microsoft Office, cloud-based Office 365, Exchange, SharePoint, Skype, LinkedIn, Dynamics), intelligence cloud (infrastructure- and platform-as-a-service offerings Azure, Windows Server OS, SQL Server), and more personal computing (Windows Client, Xbox, Bing search, display advertising, and Surface laptops, tablets, and desktops).",7372,SERVICES-PREPACKAGED SOFTWARE,2355309397511.22,XNAS,4708498016161.889,0.5002252075771585,1.76916725076573,1.5357804683674352,27.75634744594711,12.275906955092305,3.2304961393854863,19827000000.0,1.5357804683674352,0.768236103582046,1.5543631398335005,0.3332149132492871,0.1666824991479294,0.5670747569913476,6.718,3.3605129445033506,4.404965653095262,1.1540626026947092,0.5772912049899966,1.7341393553449176,0.211087652335943,0.1055913647067221,0.2038481237172106,0.1363890129522108,0.0682252223152634,0.1303019870969376,0.7014155889549109,0.3508657585828251,2.3190935508940043,-5.584143934414442,-2.7933295587331948,50.7616053930872,0.701098079695314,0.3507069324475356,0.7245583580119291,0.357383117692075,0.1787720442320902,0.2188170748295599,0.4316503230169606,0.2159223724319066,0.2610915723644215,0.4400683407784442,0.2201332771140329,0.2600705724040015,0.0487431306678058,0.0243825426562637,0.0305085652163749,0.0973751715376073,0.048709515395261,-0.0381718673365829,0.078791009235707,0.0394132489501453,0.0482917939695759,2.7,1.350608060458328,1.815544878464328,-0.9041473528159426,-0.4522772972426932,0.4332499893882264,-0.09690800882863,-0.0484758288321905,0.2244604820014389,0.0876191196490698,0.0438292923141838,0.6935444178818477,0.2907774593522546,0.1454542149632403,4.64975540275212,0.0019963861539504,0.000998642678264,0.0013748904744678,0.5333401221008326,0.266790173287116,0.98727217325626,1.6752616218280345,0.8380080925249757,5.981297969026983,0.500570421577956,0.2503979430408187,0.469106823655008,50.3195020746888,25.17108337049046,40.18511889840124,31.517035506199893,15.765615628305516,33.797616317125176,1.0,1.0,1.0,1.0,0.0,-1.0,0.0,-1.0,0.0,1.0,1.0,0.0,-1.0,1.0,1.0,1.0,1.0,0.0,-1.0,1.0,1.0,0.3333333333333333,0.0,-1.0,1.0,1.0,1.0,1.0,1.0,1.0,1.0,1.0,1.0,1.0,1.0,1.0,1.0,2.0,0.875,1.0,1.0,1.0,1.0,1.0,1.0,1.0,1.0,1.0,1.0,1.0,1.0,1.0,1.0,0.0,-1.0,1.0,1.0,1.0,1.0,0.5,1.0,1.0,0.0,-6.0,1.0,10.0,0.0,-1.0,0.0,-1.0,0.6,,0.0,0.0,0.0,3.0,2.0,2.0
ORCL,Oracle Corp,"Oracle provides database technology and enterprise resource planning, or ERP, software to enterprises around the world. Founded in 1977, Oracle pioneered the first commercial SQL-based relational database management system. Today, Oracle has 430,000 customers in 175 countries, supported by its base of 136,000 employees.",7372,SERVICES-PREPACKAGED SOFTWARE,298722683630.0,XNYS,4708498016161.889,0.0634433066775511,0.8741570375044366,0.7336041329810309,1.0369294212095168,115.60152059134109,-1.2273985828877003,5660000000.0,0.7336041329810309,0.0465422719886345,1.5543631398335005,0.4579800449579997,0.029055768444469,0.5670747569913476,0.0,0.0,4.404965653095262,1.910262310170272,0.1211933575786997,1.7341393553449176,0.1356801987317774,0.0086080004582112,0.2038481237172106,0.0911226236993458,0.0057811205606206,0.1303019870969376,-3.90253838921968,-0.2475899398481804,2.3190935508940043,21.335555094357005,1.3535981649870792,50.7616053930872,0.710110013651329,0.0450517273708812,0.7245583580119291,0.1943306833694692,0.0123289811418673,0.2188170748295599,0.264675178671806,0.016791868530411,0.2610915723644215,0.1907170962820204,0.0120997232280722,0.2600705724040015,0.0177079217339128,0.0011234491091867,0.0305085652163749,0.8518127419922562,0.0540418170220604,-0.0381718673365829,0.0296123264902744,0.0018787039109582,0.0482917939695759,0.89,0.0564645429430204,1.815544878464328,0.4337831463959927,0.027520637188354,0.4332499893882264,0.667361835245047,0.0423396415783448,0.2244604820014389,0.2894903166772006,0.018366222941133,0.6935444178818477,31.30623020063358,1.9861707635368084,4.64975540275212,0.0033219261252347,0.0002107539779234,0.0013748904744678,6.210489264343541,0.394013975015386,0.98727217325626,1.256291090455679,0.0797032609280547,5.981297969026983,0.0207885147297712,0.0013188921153716,0.469106823655008,3.779816513761468,0.2398040582674408,40.18511889840124,33.92809090909091,2.1525102765292883,33.797616317125176,0.0,-1.0,0.0,-1.0,0.0,-1.0,0.0,-1.0,-1.0,0.0,-1.0,1.0,1.0,0.0,-1.0,0.0,-1.0,0.0,-1.0,1.0,1.0,-0.3333333333333333,0.0,-1.0,0.0,-1.0,1.0,1.0,0.0,-1.0,0.0,-1.0,1.0,1.0,0.0,-1.0,0.0,-2.0,-0.625,0.0,-1.0,0.0,-1.0,1.0,1.0,-0.3333333333333333,0.0,-1.0,1.0,1.0,0.0,0.0,-1.0,0.0,-1.0,0.0,-3.0,0.0,-1.0,-1.5,0.0,-1.0,0.0,-3.0,1.0,3.0,0.0,-1.0,1.0,1.0,-0.2,,0.0,0.0,0.0,0.0,2.0,1.0
ADBE,Adobe Inc.,"Adobe provides content creation, document management, and digital marketing and advertising software and services to creative professionals and marketers for creating, managing, delivering, measuring, optimizing and engaging with compelling content multiple operating systems, devices and media. The company operates with three segments: digital media content creation, digital experience for marketing solutions, and publishing for legacy products (less than 5% of revenue).",7372,SERVICES-PREPACKAGED SOFTWARE,234158134000.0,XNAS,4708498016161.889,0.0497309615924767,1.2491000719942404,1.1239500839932806,34.611671785871,16.167535496957402,5.359178866714188,1782000000.0,1.1239500839932806,0.0558951184589307,1.5543631398335005,0.7920566354691625,0.0393897381175832,0.5670747569913476,0.0,0.0,4.404965653095262,2.641815235008104,0.1313800119866078,1.7341393553449176,0.2460748792270531,0.0122375403677139,0.2038481237172106,0.1680990030938466,0.0083597250665937,0.1303019870969376,2.3554913294797686,0.1171408488377702,2.3190935508940043,-14.656653268457797,-0.7288894607679226,50.7616053930872,0.8813905930470347,0.0438324017307923,0.7245583580119291,0.2869120654396728,0.0142684129067985,0.2188170748295599,0.3470347648261758,0.0172583725608247,0.2610915723644215,0.356441717791411,0.017726189377441,0.2600705724040015,0.0482296321760055,0.0023985059853642,0.0305085652163749,0.088932555780933,0.0044227015158623,-0.0381718673365829,0.0817594912314511,0.0040659781182517,0.0482917939695759,3.07,0.1526740520889034,1.815544878464328,0.2595991698466272,0.0129101163450814,0.4332499893882264,0.6031842010781169,0.0299969303370045,0.2244604820014389,0.1565861178644802,0.0077871782134334,0.6935444178818477,0.2596348884381338,0.0129118926649838,4.64975540275212,0.0,0.0,0.0013748904744678,0.1527003042596348,0.0075939329662954,0.98727217325626,4.321295143212952,0.2149021627968794,5.981297969026983,0.5423169474046063,0.0269699432823276,0.469106823655008,62.851851851851855,3.12568303046048,40.18511889840124,45.44886671418389,2.260215844984672,33.797616317125176,1.0,1.0,1.0,1.0,0.0,-1.0,1.0,1.0,0.5,0.0,-1.0,1.0,1.0,1.0,1.0,1.0,1.0,1.0,1.0,1.0,1.0,0.6666666666666666,1.0,2.0,1.0,1.0,1.0,1.0,1.0,1.0,1.0,1.0,1.0,1.0,1.0,1.0,1.0,3.0,1.375,1.0,1.0,0.0,-1.0,1.0,1.0,0.3333333333333333,1.0,1.0,0.0,-1.0,0.0,1.0,1.0,0.0,-1.0,1.0,1.0,1.0,1.0,0.5,0.0,-1.0,0.0,-10.0,1.0,1.0,0.0,-1.0,0.0,-1.0,-2.4,,0.0,1.0,0.0,3.0,2.0,2.0
GOOGL,Alphabet Inc. Class A Common Stock,"Alphabet is a holding company. Internet media giant Google is a wholly owned subsidiary. Google generates 99% of Alphabet revenue, of which more than 85% is from online ads. Google's other revenue is from sales of apps and content on Google Play and YouTube, as well as cloud service fees and other licensing revenue. Sales of hardware such as Chromebooks, the Pixel smartphone, and smart home products, which include Nest and Google Home, also contribute to other revenue. Alphabet's moonshot investments are in its other bets segment, where it bets on technology to enhance health (Verily), provide faster internet access (Google Fiber), enable self-driving cars (Waymo), and more.",7370,"SERVICES-COMPUTER PROGRAMMING, DATA PROCESSING, ETC.",1642322250000.0,XNAS,4231963146925.405,0.3880757447505599,2.1720521432523903,2.0221081213244285,21.130894661710105,5.73647609314931,0.9115534024551556,21778000000.0,2.0221081213244285,0.7847311151491331,2.131451901640657,0.3336679149133305,0.1294884245793571,0.4939520663705806,14.30569251456746,5.551692276763276,11.451538929463542,1.9225853004844864,0.746108722331996,2.019041425509818,0.2541077413553503,0.0986130509733602,0.2382769704835474,0.1947661365273963,0.0755840134850585,0.1853833666766917,0.8191130776578575,0.3178779176469962,0.8061744399965463,38.12102847262144,14.793846515169864,14.060163856500884,0.5721945204010509,0.2220548146468272,0.6204872566621533,0.2462066377137955,0.0955468242933124,0.2366515385242656,0.2927188890676103,0.1135971008774693,0.2825694061975595,0.2935901560238056,0.1139352184503714,0.2833133798013965,0.0479527156149163,0.0186092858250704,0.0443046160605291,0.0687576972460236,0.0266831945660841,0.0613245597757137,0.071521443660242,0.0277557375140836,0.0656421264774454,1.45,0.5627098298883119,1.6906697261008528,-117.45339391096668,-45.58081331547927,-91.48681849781724,0.000793910241442,0.0003080973082127,0.0357776417281492,-0.0932474523180465,-0.0361870745044182,-0.1358658463649951,0.1089836453408499,0.0422939093312812,0.0972301404491226,0.0,0.0,1.7516255000503015e-06,0.5078853489355808,0.1970979850360735,0.5361136326483606,1.2440428370320689,0.4827828504828195,1.6021562490553762,0.6974159626570315,0.2706502191090562,0.6799608099316345,507.86046511627904,197.0883282293657,378.2064611038981,20.857577852787458,8.094320058913276,23.36420484336844,1.0,1.0,1.0,1.0,0.0,-1.0,0.0,-1.0,0.0,1.0,1.0,0.0,-1.0,1.0,1.0,1.0,1.0,1.0,1.0,0.0,-1.0,0.3333333333333333,0.0,-1.0,1.0,1.0,1.0,1.0,1.0,1.0,1.0,1.0,1.0,1.0,1.0,1.0,0.0,-1.0,0.5,1.0,3.0,1.0,1.0,0.0,-1.0,1.0,0.0,-1.0,0.0,-1.0,-1.0,1.0,1.0,0.0,-1.0,1.0,1.0,1.0,3.0,1.0,1.0,1.0,0.0,-3.0,1.0,10.0,0.0,-1.0,1.0,1.0,1.6,,0.0,0.0,0.0,3.0,3.0,2.0
META,"Meta Platforms, Inc. Class A Common Stock","Meta is the world's largest online social network, with 3.8 billion family of apps monthly active users. Users engage with each other in different ways, exchanging messages and sharing news events, photos, and videos. The firm's ecosystem consists mainly of the Facebook app, Instagram, Messenger, WhatsApp, and many features surrounding these products. Users can access Facebook on mobile devices and desktops. Advertising revenue represents more than 90% of the firm's total revenue, with more than 45% coming from the U.S. and Canada and over 20% from Europe.",7370,"SERVICES-COMPUTER PROGRAMMING, DATA PROCESSING, ETC.",769581103436.84,XNAS,4231963146925.405,0.1818496704055549,2.32478861000635,2.204371511647338,52.08886851805324,5.498382040243821,0.6375865365102034,11093000000.0,2.204371511647338,0.4008642328444632,2.131451901640657,0.9620333545001838,0.1749454484350087,0.4939520663705806,0.0,0.0,11.451538929463542,2.557669251059068,0.4651113103115139,2.019041425509818,0.1879519063030466,0.0341789922133047,0.2382769704835474,0.1548178897662177,0.0281535822268702,0.1853833666766917,0.8072605262494008,0.1468000606298683,0.8061744399965463,-11.635934901350865,-2.1159909266711474,14.060163856500884,0.8142129441545048,0.1480643555344331,0.6204872566621533,0.2433826057064283,0.0442590466301591,0.2366515385242656,0.29350917216163,0.0533745462185996,0.2825694061975595,0.2904153254789212,0.0528119312190637,0.2833133798013965,0.0376799814212726,0.0068520922023458,0.0443046160605291,0.0581050935217446,0.0105663921058132,0.0613245597757137,0.0531320891342841,0.0096620528970281,0.0656421264774454,3.03,0.5510045013288313,1.6906697261008528,0.1218404059837063,0.022156637670216,-91.48681849781724,0.6269569868355217,0.1140119214144994,0.0357776417281492,0.0763886938103612,0.013891258792125,-0.1358658463649951,0.2702170361030492,0.0491388789533054,0.0972301404491226,0.0,0.0,1.7516255000503015e-06,0.7528295270567696,0.1369018013668433,0.5361136326483606,0.6893681122651233,0.1253613640035122,1.6021562490553762,0.648479834339681,0.1179258441393198,0.6799608099316345,-94.86868686868686,-17.2518394388785,378.2064611038981,23.657057010785824,4.302028020176824,23.36420484336844,1.0,1.0,1.0,1.0,1.0,1.0,1.0,1.0,1.0,0.0,-1.0,1.0,1.0,0.0,-1.0,0.0,-1.0,1.0,1.0,1.0,1.0,0.0,1.0,2.0,1.0,1.0,1.0,1.0,1.0,1.0,0.0,-1.0,0.0,-1.0,0.0,-1.0,1.0,5.0,0.875,0.0,-10.0,0.0,-1.0,0.0,-1.0,-4.0,0.0,-1.0,0.0,-1.0,-1.0,0.0,-1.0,0.0,-1.0,0.0,-1.0,0.0,-9.0,-3.0,0.0,-1.0,0.0,-7.0,1.0,6.0,0.0,-1.0,1.0,1.0,-0.4,,0.0,0.0,0.0,3.0,2.0,2.0
NVDA,Nvidia Corp,"Nvidia is a leading developer of graphics processing units. Traditionally, GPUs were used to enhance the experience on computing platforms, most notably in gaming applications on PCs. GPU use cases have since emerged as important semiconductors used in artificial intelligence. Nvidia not only offers AI GPUs, but also a software platform, Cuda, used for AI model development and training. Nvidia is also expanding its data center networking solutions, helping to tie GPUs together to handle complex workloads.",3674,SEMICONDUCTORS & RELATED DEVICES,1027767000000.0,XNAS,2455926568036.415,0.4184844178064044,2.7866266692471453,2.234275208051093,11.134007520180988,42.02058725137268,0.2320395039994348,6059000000.0,2.234275208051093,0.9350093596605448,2.210818509171859,0.5596090574801625,0.2341876706187765,0.8620228020409114,0.9365593887473952,0.3919355105410756,0.880467629863091,1.9115482592697424,0.7999531603893438,2.1401530726246207,0.3531518811932962,0.147788559398413,0.2339780372061305,0.2725658359398648,0.1140645551672102,0.1837975085712768,0.7315712506093267,0.3061511688951472,1.7618203733031632,100.25901508012646,41.95683555565024,120.6122158553144,0.7005256533649219,0.2931590702068704,0.5899750810112745,0.4581328200192492,0.1917214464637617,0.2960122735382138,0.5034426593618124,0.210682908201936,0.3229802580071561,0.5168431183830606,0.2162907914937816,0.322010811453579,0.1248713550600343,0.0522567163229952,0.068085035629779,0.2250099996363768,0.0941631786984484,0.1331544583784566,0.173376507483236,0.0725553667954297,0.0932159407649691,2.5,1.0462110445160109,2.5406710781061754,0.3731638896322227,0.156163273099114,0.2772679076441887,1.2256692519389545,0.5129234833208844,0.523114049138798,0.4573755054561568,0.1914045221197297,0.3652643610712297,0.3907494272935529,0.1635225465891284,0.6089373895547785,8.566917625720836e-05,3.585121534995208e-05,0.007483010175289,0.1830478891676666,0.0766026893290222,0.2599578662983905,5.7205005959475566,2.3939403614563024,5.225993972399122,0.5549591363131874,0.2322417510663692,0.5443730824437875,104.6153846153846,43.7799083243623,51.21312072905104,46.687466467356174,19.537977223447577,132.8241972837475,1.0,1.0,1.0,1.0,1.0,1.0,0.0,-1.0,0.5,1.0,1.0,0.0,-1.0,1.0,2.0,1.0,5.0,0.0,-1.0,1.0,1.0,1.1666666666666667,1.0,1.0,1.0,1.0,1.0,1.0,1.0,1.0,1.0,1.0,1.0,1.0,1.0,1.0,0.0,-1.0,0.75,0.0,-1.0,0.0,-1.0,0.0,-1.0,-1.0,1.0,1.0,0.0,-1.0,0.0,1.0,1.0,1.0,1.0,1.0,1.0,1.0,1.0,1.0,1.0,1.0,0.0,-6.0,1.0,10.0,0.0,-1.0,1.0,1.0,1.0,,0.0,0.0,0.0,3.0,3.0,2.0
AVGO,Broadcom Inc. Common Stock,"Broadcom is the sixth-largest semiconductor company globally and has expanded into various software businesses, with over $30 billion in annual revenue. It sells 17 core semiconductor product lines across wireless, networking, broadband, storage, and industrial markets. It is primarily a fabless designer but holds some manufacturing in-house, like for its best-of-breed FBAR filters that sell into the iPhone. It counts Apple as a large customer at roughly one fifth of sales. In software, it sells infrastructure and security software to large financial institutions and governments.Broadcom is the product of consolidation. Its businesses are an amalgamation of former companies like legacy Broadcom and Avago Technologies in chips, as well as Brocade, CA Technologies, and Symantec in software.",3674,SEMICONDUCTORS & RELATED DEVICES,342190751656.32,XNAS,2455926568036.415,0.1393326478527049,2.495983662355344,2.037985023825732,53.49437186583407,16.809749082838895,-6.043234114092076,4597000000.0,2.037985023825732,0.2839578496537971,2.210818509171859,1.6412525527569777,0.2286800639706409,0.8620228020409114,1.472312703583062,0.2051412274574026,0.880467629863091,3.04598490048044,0.4244051415032974,2.1401530726246207,0.1445131878866818,0.0201354051178868,0.2339780372061305,0.1239751379286263,0.0172737842354998,0.1837975085712768,0.8077903167091373,0.1125515637368591,1.7618203733031632,57.75505788703354,8.047165142286632,120.6122158553144,0.6944569625957638,0.0967605274182146,0.5899750810112745,0.3721270842721947,0.0518494519893515,0.2960122735382138,0.4344299233889139,0.0605302715322251,0.3229802580071561,0.4026588553402433,0.0561035244958953,0.322010811453579,0.0461345065996228,0.0064280429619035,0.068085035629779,0.1495991666289234,0.0208440480029659,0.1331544583784566,0.0600155642023346,0.0083621274726852,0.0932159407649691,8.0,1.1146611828216393,2.5406710781061754,0.0029875232051125,0.0004162595186897,0.2772679076441887,-3.6416184971098273,-0.5073963476717,0.523114049138798,-0.0108794197642825,-0.0015158583628585,0.3652643610712297,1.7818288871778614,0.24826693687093,0.6089373895547785,0.0051220225549516,0.0007136649649426,0.007483010175289,0.0987363558132161,0.0137571978947822,0.2599578662983905,8.409633027522936,1.17173643719433,5.225993972399122,0.3083874572246665,0.0429684409796755,0.5443730824437875,9.497536945812808,1.3233169707389905,51.21312072905104,28.09131471389646,3.914037260750843,132.8241972837475,1.0,1.0,1.0,1.0,0.0,-1.0,1.0,1.0,0.5,1.0,1.0,1.0,2.0,0.0,-1.0,0.0,-4.0,0.0,-1.0,1.0,1.0,-0.3333333333333333,1.0,1.0,1.0,1.0,1.0,1.0,1.0,1.0,0.0,-1.0,1.0,1.0,0.0,-1.0,1.0,1.0,0.5,1.0,1.0,1.0,4.0,1.0,1.0,2.0,0.0,-1.0,0.0,-1.0,-1.0,1.0,1.0,1.0,1.0,0.0,-4.0,0.0,-1.0,-0.75,1.0,1.0,0.0,-10.0,1.0,8.0,0.0,-1.0,1.0,2.0,0.0,,0.0,0.0,0.0,1.0,3.0,1.0
AMD,Advanced Micro Devices,"Advanced Micro Devices designs a variety of digital semiconductors for markets such as PCs, gaming consoles, data centers, industrial, and automotive applications, among others. AMD's traditional strength was in central processing units, CPUs, and graphics processing units, or GPUs, used in PCs and data centers. Additionally, the firm supplies the chips found in prominent game consoles such as the Sony PlayStation and Microsoft Xbox. In 2022, the firm acquired field-programmable gate array, or FPGA, leader Xilinx to diversify its business and augment its opportunities in key end markets such as the data center and automotive.",3674,SEMICONDUCTORS & RELATED DEVICES,155164070753.922,XNAS,2455926568036.415,0.0631794422412149,2.179741151611199,1.3997622820919176,34.12578029794916,3.330363464886825,13.821182610955203,254000000.0,1.3997622820919176,0.0884362002528574,2.210818509171859,0.5072636027469625,0.0320486314908222,0.8620228020409114,0.6384935406174732,0.0403396657708304,0.880467629863091,1.242234585071859,0.078483688217587,2.1401530726246207,0.0924029243396096,0.0058379652212337,0.2339780372061305,0.0788470875571968,0.0049815150142079,0.1837975085712768,0.5999104444195679,0.0379020072731076,1.7618203733031632,127.63526915607528,8.063925115588175,120.6122158553144,0.4558686322075014,0.0288015259181354,0.5899750810112745,0.005038253405486,0.0003183140400285,0.2960122735382138,-0.0037320395596193,-0.0002357881777988,0.3229802580071561,-0.0003732039559619,-2.3578817779889867e-05,0.322010811453579,0.0003972516073977,2.509813498481325e-05,0.068085035629779,0.0004896982008125,3.0938859193862495e-05,0.1331544583784566,-0.0003311532411623,-2.092207707300767e-05,0.0932159407649691,0.02,0.0012635888448242,2.5406710781061754,0.2195630598923607,0.0138718716607738,0.2772679076441887,0.9388440860215056,0.0593156457063019,0.523114049138798,0.2061354802887284,0.0130235246707668,0.3652643610712297,0.0518717353453279,0.0032772273072017,0.6089373895547785,0.0,0.0,0.007483010175289,0.0363102147417295,0.0022940591150412,0.2599578662983905,8.244255744255744,0.5208674796160099,5.225993972399122,0.8112172083511116,0.0512522507600986,0.5443730824437875,-0.7142857142857143,-0.0451281730294392,51.21312072905104,1700.2122222222224,107.41845989169651,132.8241972837475,1.0,1.0,1.0,1.0,0.0,-1.0,0.0,-1.0,0.0,0.0,-1.0,0.0,-2.0,0.0,-2.0,0.0,-6.0,0.0,-1.0,0.0,-1.0,-2.1666666666666665,0.0,-1.0,0.0,-1.0,0.0,-1.0,0.0,-1.0,0.0,-2.0,0.0,-2.0,0.0,-1.0,0.0,-1.0,-1.25,1.0,1.0,0.0,-1.0,1.0,1.0,0.3333333333333333,1.0,1.0,0.0,-1.0,0.0,1.0,1.0,1.0,1.0,1.0,4.0,0.0,-1.0,1.25,0.0,-3.0,0.0,-1.0,1.0,1.0,0.0,-1.0,0.0,-2.0,-1.2,,0.0,0.0,1.0,3.0,1.0,2.0
JPM,JPMorgan Chase & Co.,"JPMorgan Chase is one of the largest and most complex financial institutions in the United States, with nearly $4 trillion in assets. It is organized into four major segments--consumer and community banking, corporate and investment banking, commercial banking, and asset and wealth management. JPMorgan operates, and is subject to regulation, in multiple countries.",6021,NATIONAL COMMERCIAL BANKS,423503806834.29,XNYS,1195899919722.764,0.3541298062236408,2.6654886631133445,2.6654886631133445,107.53830807738676,1.369997926506163,0.4676620045924229,18865000000.0,2.6654886631133445,0.94392898375964,44.02184644521861,1.5097238653965777,0.534638219904096,11.705916450538377,0.0,0.0,0.0,0.2349952781349202,0.0832188323093898,0.733978914503757,0.048603332235139,0.017211888626253,0.0492806423084408,0.0106784997828469,0.0037815750588587,0.0101307893214606,0.0756251750709895,0.0267811285935184,0.0715625666348272,-7355.719005266768,-2604.8793459706726,-2555.671790898329,0.9192146609533494,0.3255213097613393,0.8245176731850157,0.3503522405403442,0.1240701710525705,0.2661509454818393,0.906650204565812,0.3210718612555153,0.7810600613727612,0.4257389788655675,0.1507668620875141,0.3178393749057089,0.00374123632453,0.0013248832946426,0.0028932302601465,0.0463080290289137,0.0163990533466079,0.033015790685192,0.0105785298580565,0.0037461727287645,0.0087143114036337,4.76,1.68565787762453,2.532912338384103,-3.0483446371971423,-1.0795096956734986,-1.1083912342968962,0.109346037527233,0.0387226910808419,0.045910927713608,-0.3333244070948983,-0.1180401076941263,-0.0716648240814848,1.7194767627897452,0.6089179728127857,1.389780167413453,0.0076539262731219,0.0027104834279506,0.0099553920940063,0.0943727681142725,0.0334202100850959,0.0762242866966337,29.639677211541724,10.496293147454534,32.841441107322744,0.0807902301822017,0.0286102285591864,0.0894047285611049,1.8852756103699968,0.6676322865784834,1.7417255127298663,7.396114427860697,2.619184569146183,7.827462917636971,1.0,1.0,1.0,1.0,0.0,-1.0,0.0,-1.0,0.0,,0.0,0.0,-1.0,0.0,-1.0,1.0,1.0,1.0,1.0,1.0,10.0,1.6666666666666667,1.0,2.0,1.0,1.0,1.0,1.0,1.0,1.0,1.0,2.0,1.0,1.0,1.0,2.0,1.0,6.0,2.0,1.0,1.0,0.0,-1.0,1.0,1.0,0.3333333333333333,0.0,-1.0,0.0,-2.0,-1.5,0.0,-1.0,0.0,-1.0,0.0,-1.0,1.0,1.0,-0.5,1.0,1.0,0.0,-6.0,1.0,4.0,0.0,-2.0,1.0,2.0,-0.2,,0.0,0.0,0.0,4.0,2.0,0.0
BAC,Bank of America Corporation,"Bank of America is one of the largest financial institutions in the United States, with more than $2.5 trillion in assets. It is organized into four major segments: consumer banking, global wealth and investment management, global banking, and global markets. Bank of America's consumer-facing lines of business include its network of branches and deposit-gathering operations, retail lending products, credit and debit cards, and small-business services. The company's Merrill Lynch operations provide brokerage and wealth-management services, as does its private bank. Wholesale lines of business include investment banking, corporate and commercial real estate lending, and capital markets operations. Bank of America has operations in several countries but is primarily U.S.-focused.",6021,NATIONAL COMMERCIAL BANKS,219637715391.12,XNYS,1195899919722.764,0.183658943168118,14.637321110758954,14.637321110758954,35.65388954813497,0.814253265753444,-1.0565737327888776,11786000000.0,14.637321110758954,2.688274926014373,44.02184644521861,9.300875246848868,1.7081889183747718,11.705916450538377,0.0,0.0,0.0,0.2900207182320442,0.0532648986073557,0.733978914503757,0.0412788802262089,0.0075812355175088,0.0492806423084408,0.0080691518984139,0.0014819719099257,0.0101307893214606,0.0450459630793654,0.0082730939731463,0.0715625666348272,310.3226574592213,56.99353131008248,-2555.671790898329,0.507957296503552,0.0932909002503767,0.8245176731850157,0.2940032543556772,0.053996326982951,0.2661509454818393,1.0409969440806446,0.1911883985910916,0.7810600613727612,0.3188474818430765,0.0585591915471151,0.3178393749057089,0.0023723569180239,0.0004357045643818,0.0028932302601465,0.0261472050939047,0.0048021680543465,0.033015790685192,0.0085117678516726,0.0015632622881305,0.0087143114036337,0.88,0.1616198699879438,2.532912338384103,-0.0149661519683956,-0.0027486676538089,-1.1083912342968962,-2.569826517967781,-0.4719716224153673,0.045910927713608,0.0384604142003187,0.0070635990258386,-0.0716648240814848,1.1544936979164828,0.2120330924535937,1.389780167413453,0.0090639775982168,0.0016646805465879,0.0099553920940063,0.0412538516654371,0.0075766387984885,0.0762242866966337,51.367128678986994,9.434032566763475,32.841441107322744,0.09073080313953,0.0166635234174006,0.0894047285611049,1.4415256100241811,0.2647490700868177,1.7417255127298663,7.785280136339093,1.4298363221077794,7.827462917636971,1.0,1.0,1.0,1.0,0.0,-1.0,0.0,-1.0,0.0,,0.0,0.0,-1.0,0.0,-1.0,0.0,-1.0,0.0,-1.0,0.0,-6.0,-1.6666666666666667,0.0,-4.0,1.0,1.0,1.0,1.0,1.0,1.0,0.0,-1.0,0.0,-1.0,0.0,-1.0,0.0,-4.0,-1.0,0.0,-1.0,1.0,2.0,0.0,-1.0,0.0,1.0,1.0,0.0,-1.0,0.0,1.0,1.0,1.0,3.0,1.0,1.0,0.0,-1.0,1.0,1.0,1.0,1.0,2.0,1.0,3.0,1.0,1.0,1.0,5.0,2.4,,0.0,0.0,0.0,5.0,2.0,0.0
WFC,Wells Fargo & Co.,"Wells Fargo is one of the largest banks in the United States, with approximately $1.9 trillion in balance sheet assets. The company is split into four primary segments: consumer banking, commercial banking, corporate and investment banking, and wealth and investment management. It is almost entirely focused on the U.S.",6021,NATIONAL COMMERCIAL BANKS,150851636984.50998,XNYS,1195899919722.764,0.1261406866048462,3.618989970921607,3.618989970921607,49.24893126339857,0.8763574873328857,4.956727108140944,-755000000.0,3.618989970921607,0.4565018797481039,44.02184644521861,1.84360572072874,0.2325536914413456,11.705916450538377,0.0,0.0,0.0,1.339050476066258,0.1689087464495439,0.733978914503757,0.0471938365074768,0.0059530629405699,0.0492806423084408,0.0109432292999062,0.0013803864575644,0.0101307893214606,0.093051395113816,0.0117375668691955,0.0715625666348272,67.21180538645108,8.478143279398239,-2555.671790898329,0.9081478595431745,0.1145543945414974,0.8245176731850157,0.2404909170603419,0.0303356894002206,0.2661509454818393,0.6608873520674037,0.083364784358241,0.7810600613727612,0.2840792870014124,0.0358339563125733,0.3178393749057089,0.002631747249936,0.0003319704050773,0.0028932302601465,0.0274042543745248,0.0034567914626964,0.033015790685192,0.0075722699790465,0.0009551713343141,0.0087143114036337,1.26,0.1589372651221062,2.532912338384103,-0.1724825477939504,-0.0217570670060821,-1.1083912342968962,0.2746273269874152,0.0346416795866461,0.045910927713608,-0.0473684210526316,-0.0059750851549664,-0.0716648240814848,1.4145379069986848,0.1784307828173962,1.389780167413453,0.0091760123307367,0.0011574684956936,0.0099553920940063,0.0465728033031616,0.0058747253857732,0.0762242866966337,36.33436606291706,4.58324188252818,32.841441107322744,0.0960342585486484,0.0121138273109138,0.0894047285611049,1.7699230468240512,0.2232593083641271,1.7417255127298663,7.994721142162819,1.0084596140866982,7.827462917636971,1.0,1.0,1.0,1.0,0.0,-1.0,0.0,-1.0,0.0,,0.0,1.0,1.0,0.0,-1.0,1.0,1.0,1.0,1.0,0.0,-6.0,-0.6666666666666666,1.0,1.0,0.0,-1.0,0.0,-1.0,0.0,-1.0,0.0,-1.0,0.0,-1.0,0.0,-1.0,0.0,-4.0,-1.125,0.0,-1.0,0.0,-1.0,0.0,-1.0,-1.0,0.0,-1.0,0.0,-1.0,-1.0,1.0,1.0,1.0,1.0,1.0,1.0,1.0,1.0,1.0,0.0,-1.0,1.0,2.0,0.0,-1.0,1.0,1.0,0.0,-8.0,-1.4,,0.0,0.0,0.0,5.0,1.0,0.0
